traj_id,t,theta,w
0,0.0000,0.39300,5.49069
0,0.0600,0.63487,5.43986
0,0.1200,0.81358,5.38062
0,0.1800,0.94073,5.32180
0,0.2400,1.02998,5.26663
0,0.3000,1.09244,5.21558
0,0.3600,1.13616,5.16813
0,0.4200,1.16676,5.12352
0,0.4800,1.18815,5.08105
0,0.5400,1.20300,5.04014
0,0.6000,1.21322,5.00035
0,0.6600,1.22011,4.96132
0,0.7200,1.22461,4.92282
0,0.7800,1.22739,4.88465
0,0.8400,1.22892,4.84668
0,0.9000,1.22954,4.80881
0,0.9600,1.22949,4.77097
0,1.0200,1.22895,4.73310
0,1.0800,1.22804,4.69516
0,1.1400,1.22685,4.65712
0,1.2000,1.22545,4.61897
0,1.2600,1.22389,4.58068
0,1.3200,1.22220,4.54224
0,1.3800,1.22041,4.50364
0,1.4400,1.21853,4.46487
0,1.5000,1.21658,4.42592
0,1.5600,1.21457,4.38680
0,1.6200,1.21250,4.34749
0,1.6800,1.21038,4.30799
0,1.7400,1.20821,4.26829
0,1.8000,1.20599,4.22840
0,1.8600,1.20372,4.18831
0,1.9200,1.20141,4.14802
0,1.9800,1.19905,4.10751
0,2.0400,1.19665,4.06680
0,2.1000,1.19419,4.02588
0,2.1600,1.19169,3.98473
0,2.2200,1.18915,3.94337
0,2.2800,1.18655,3.90179
0,2.3400,1.18390,3.85998
0,2.4000,1.18120,3.81794
0,2.4600,1.17844,3.77566
0,2.5200,1.17562,3.73315
0,2.5800,1.17275,3.69040
0,2.6400,1.16982,3.64741
0,2.7000,1.16683,3.60417
0,2.7600,1.16377,3.56068
0,2.8200,1.16065,3.51693
0,2.8800,1.15746,3.47293
0,2.9400,1.15420,3.42866
0,3.0000,1.15087,3.38413
0,3.0600,1.14746,3.33933
0,3.1200,1.14397,3.29425
0,3.1800,1.14041,3.24890
0,3.2400,1.13676,3.20326
0,3.3000,1.13302,3.15734
0,3.3600,1.12919,3.11113
0,3.4200,1.12527,3.06462
0,3.4800,1.12125,3.01781
0,3.5400,1.11713,2.97070
0,3.6000,1.11290,2.92328
0,3.6600,1.10857,2.87555
0,3.7200,1.10412,2.82750
0,3.7800,1.09956,2.77913
0,3.8400,1.09487,2.73043
0,3.9000,1.09005,2.68141
0,3.9600,1.08510,2.63204
0,4.0200,1.08001,2.58234
0,4.0800,1.07477,2.53230
0,4.1400,1.06939,2.48190
0,4.2000,1.06384,2.43115
0,4.2600,1.05813,2.38005
0,4.3200,1.05225,2.32858
0,4.3800,1.04618,2.27675
0,4.4400,1.03992,2.22456
0,4.5000,1.03347,2.17199
0,4.5600,1.02681,2.11904
0,4.6200,1.01993,2.06572
0,4.6800,1.01282,2.01202
0,4.7400,1.00547,1.95794
0,4.8000,0.99787,1.90348
0,4.8600,0.99001,1.84863
0,4.9200,0.98187,1.79341
0,4.9800,0.97343,1.73780
0,5.0400,0.96469,1.68181
0,5.1000,0.95563,1.62545
0,5.1600,0.94623,1.56872
0,5.2200,0.93647,1.51163
0,5.2800,0.92633,1.45418
0,5.3400,0.91579,1.39638
0,5.4000,0.90484,1.33826
0,5.4600,0.89345,1.27981
0,5.5200,0.88159,1.22107
0,5.5800,0.86924,1.16205
0,5.6400,0.85638,1.10277
0,5.7000,0.84298,1.04328
0,5.7600,0.82901,0.98359
0,5.8200,0.81444,0.92375
0,5.8800,0.79924,0.86381
0,5.9400,0.78337,0.80382
0,6.0000,0.76682,0.74383
0,6.0600,0.74954,0.68392
0,6.1200,0.73151,0.62416
0,6.1800,0.71269,0.56464
0,6.2400,0.69305,0.50545
0,6.3000,0.67257,0.44669
0,6.3600,0.65122,0.38850
0,6.4200,0.62898,0.33100
0,6.4800,0.60582,0.27434
0,6.5400,0.58176,0.21866
0,6.6000,0.55677,0.16415
0,6.6600,0.53087,0.11099
0,6.7200,0.50407,0.05936
0,6.7800,0.47641,0.00947
0,6.8400,0.44793,-0.03848
0,6.9000,0.41870,-0.08426
0,6.9600,0.38878,-0.12767
0,7.0200,0.35828,-0.16851
0,7.0800,0.32732,-0.20656
0,7.1400,0.29601,-0.24166
0,7.2000,0.26452,-0.27364
0,7.2600,0.23300,-0.30235
0,7.3200,0.20163,-0.32769
0,7.3800,0.17059,-0.34959
0,7.4400,0.14005,-0.36801
0,7.5000,0.11022,-0.38295
0,7.5600,0.08126,-0.39444
0,7.6200,0.05335,-0.40256
0,7.6800,0.02663,-0.40742
0,7.7400,0.00126,-0.40916
0,7.8000,-0.02265,-0.40793
0,7.8600,-0.04501,-0.40393
0,7.9200,-0.06572,-0.39734
0,7.9800,-0.08473,-0.38839
0,8.0400,-0.10201,-0.37728
0,8.1000,-0.11754,-0.36424
0,8.1600,-0.13131,-0.34949
0,8.2200,-0.14333,-0.33324
0,8.2800,-0.15365,-0.31569
0,8.3400,-0.16228,-0.29706
0,8.4000,-0.16930,-0.27753
0,8.4600,-0.17474,-0.25730
0,8.5200,-0.17868,-0.23653
0,8.5800,-0.18118,-0.21539
0,8.6400,-0.18231,-0.19405
0,8.7000,-0.18216,-0.17265
0,8.7600,-0.18080,-0.15134
0,8.8200,-0.17832,-0.13023
0,8.8800,-0.17478,-0.10946
0,8.9400,-0.17029,-0.08915
0,9.0000,-0.16491,-0.06939
0,9.0600,-0.15874,-0.05028
0,9.1200,-0.15186,-0.03192
0,9.1800,-0.14435,-0.01437
0,9.2400,-0.13629,0.00227
0,9.3000,-0.12778,0.01796
0,9.3600,-0.11887,0.03264
0,9.4200,-0.10967,0.04626
0,9.4800,-0.10024,0.05879
0,9.5400,-0.09067,0.07021
0,9.6000,-0.08101,0.08049
0,9.6600,-0.07135,0.08962
0,9.7200,-0.06175,0.09761
0,9.7800,-0.05227,0.10447
0,9.8400,-0.04297,0.11020
0,9.9000,-0.03391,0.11483
0,9.9600,-0.02514,0.11839
0,10.0200,-0.01669,0.12093
0,10.0800,-0.00862,0.12246
0,10.1400,-0.00095,0.12306
0,10.2000,0.00627,0.12276
0,10.2600,0.01304,0.12161
0,10.3200,0.01932,0.11969
0,10.3800,0.02510,0.11703
0,10.4400,0.03037,0.11372
0,10.5000,0.03512,0.10980
0,10.5600,0.03934,0.10534
0,10.6200,0.04305,0.10041
0,10.6800,0.04624,0.09507
0,10.7400,0.04892,0.08937
0,10.8000,0.05111,0.08338
0,10.8600,0.05281,0.07715
0,10.9200,0.05404,0.07076
0,10.9800,0.05483,0.06423
0,11.0400,0.05518,0.05764
0,11.1000,0.05513,0.05103
0,11.1600,0.05471,0.04445
0,11.2200,0.05392,0.03794
0,11.2800,0.05280,0.03154
0,11.3400,0.05139,0.02530
0,11.4000,0.04969,0.01923
0,11.4600,0.04775,0.01339
0,11.5200,0.04559,0.00779
0,11.5800,0.04323,0.00246
0,11.6400,0.04071,-0.00258
0,11.7000,0.03805,-0.00731
0,11.7600,0.03528,-0.01172
0,11.8200,0.03243,-0.01579
0,11.8800,0.02951,-0.01951
0,11.9400,0.02655,-0.02288
0,12.0000,0.02359,-0.02590
1,0.0000,0.86609,-3.79846
1,0.0600,0.67174,-3.85808
1,0.1200,0.45206,-3.91213
1,0.1800,0.21415,-3.94951
1,0.2400,-0.02694,-3.96121
1,0.3000,-0.25254,-3.94521
1,0.3600,-0.44832,-3.90696
1,0.4200,-0.60859,-3.85499
1,0.4800,-0.73487,-3.79671
1,0.5400,-0.83218,-3.73680
1,0.6000,-0.90627,-3.67770
1,0.6600,-0.96230,-3.62036
1,0.7200,-1.00447,-3.56502
1,0.7800,-1.03607,-3.51153
1,0.8400,-1.05960,-3.45961
1,0.9000,-1.07694,-3.40896
1,0.9600,-1.08955,-3.35930
1,1.0200,-1.09850,-3.31037
1,1.0800,-1.10461,-3.26198
1,1.1400,-1.10852,-3.21394
1,1.2000,-1.11070,-3.16612
1,1.2600,-1.11151,-3.11842
1,1.3200,-1.11123,-3.07073
1,1.3800,-1.11009,-3.02299
1,1.4400,-1.10824,-2.97514
1,1.5000,-1.10581,-2.92714
1,1.5600,-1.10291,-2.87895
1,1.6200,-1.09959,-2.83053
1,1.6800,-1.09593,-2.78188
1,1.7400,-1.09197,-2.73295
1,1.8000,-1.08773,-2.68374
1,1.8600,-1.08325,-2.63424
1,1.9200,-1.07854,-2.58442
1,1.9800,-1.07360,-2.53429
1,2.0400,-1.06846,-2.48383
1,2.1000,-1.06312,-2.43303
1,2.1600,-1.05757,-2.38188
1,2.2200,-1.05182,-2.33039
1,2.2800,-1.04587,-2.27853
1,2.3400,-1.03970,-2.22632
1,2.4000,-1.03333,-2.17374
1,2.4600,-1.02673,-2.12079
1,2.5200,-1.01990,-2.06747
1,2.5800,-1.01284,-2.01377
1,2.6400,-1.00554,-1.95969
1,2.7000,-0.99797,-1.90523
1,2.7600,-0.99014,-1.85039
1,2.8200,-0.98202,-1.79517
1,2.8800,-0.97361,-1.73957
1,2.9400,-0.96490,-1.68359
1,3.0000,-0.95585,-1.62724
1,3.0600,-0.94647,-1.57052
1,3.1200,-0.93673,-1.51343
1,3.1800,-0.92661,-1.45599
1,3.2400,-0.91609,-1.39821
1,3.3000,-0.90516,-1.34009
1,3.3600,-0.89378,-1.28165
1,3.4200,-0.88194,-1.22292
1,3.4800,-0.86962,-1.16391
1,3.5400,-0.85677,-1.10464
1,3.6000,-0.84339,-1.04515
1,3.6600,-0.82944,-0.98547
1,3.7200,-0.81489,-0.92564
1,3.7800,-0.79971,-0.86570
1,3.8400,-0.78387,-0.80571
1,3.9000,-0.76734,-0.74572
1,3.9600,-0.75009,-0.68580
1,4.0200,-0.73208,-0.62604
1,4.0800,-0.71328,-0.56650
1,4.1400,-0.69367,-0.50730
1,4.2000,-0.67322,-0.44853
1,4.2600,-0.65190,-0.39032
1,4.3200,-0.62968,-0.33280
1,4.3800,-0.60656,-0.27610
1,4.4400,-0.58252,-0.22040
1,4.5000,-0.55756,-0.16585
1,4.5600,-0.53169,-0.11264
1,4.6200,-0.50492,-0.06096
1,4.6800,-0.47729,-0.01101
1,4.7400,-0.44884,0.03700
1,4.8000,-0.41962,0.08285
1,4.8600,-0.38973,0.12634
1,4.9200,-0.35925,0.16726
1,4.9800,-0.32829,0.20541
1,5.0400,-0.29700,0.24060
1,5.1000,-0.26551,0.27268
1,5.1600,-0.23399,0.30149
1,5.2200,-0.20261,0.32694
1,5.2800,-0.17155,0.34895
1,5.3400,-0.14100,0.36748
1,5.4000,-0.11114,0.38253
1,5.4600,-0.08215,0.39413
1,5.5200,-0.05421,0.40235
1,5.5800,-0.02745,0.40732
1,5.6400,-0.00203,0.40915
1,5.7000,0.02193,0.40801
1,5.7600,0.04433,0.40409
1,5.8200,0.06509,0.39758
1,5.8800,0.08416,0.38870
1,5.9400,0.10149,0.37766
1,6.0000,0.11707,0.36468
1,6.0600,0.13090,0.34998
1,6.1200,0.14298,0.33377
1,6.1800,0.15335,0.31626
1,6.2400,0.16204,0.29766
1,6.3000,0.16910,0.27816
1,6.3600,0.17459,0.25794
1,6.4200,0.17857,0.23719
1,6.4800,0.18112,0.21606
1,6.5400,0.18230,0.19472
1,6.6000,0.18218,0.17332
1,6.6600,0.18086,0.15200
1,6.7200,0.17841,0.13089
1,6.7800,0.17491,0.11011
1,6.8400,0.17044,0.08978
1,6.9000,0.16509,0.07000
1,6.9600,0.15895,0.05087
1,7.0200,0.15209,0.03248
1,7.0800,0.14459,0.01491
1,7.1400,0.13655,-0.00176
1,7.2000,0.12805,-0.01748
1,7.2600,0.11916,-0.03219
1,7.3200,0.10996,-0.04585
1,7.3800,0.10054,-0.05842
1,7.4400,0.09097,-0.06987
1,7.5000,0.08132,-0.08018
1,7.5600,0.07165,-0.08935
1,7.6200,0.06205,-0.09738
1,7.6800,0.05257,-0.10427
1,7.7400,0.04326,-0.11003
1,7.8000,0.03419,-0.11470
1,7.8600,0.02541,-0.11830
1,7.9200,0.01695,-0.12086
1,7.9800,0.00887,-0.12243
1,8.0400,0.00119,-0.12305
1,8.1000,-0.00605,-0.12278
1,8.1600,-0.01283,-0.12166
1,8.2200,-0.01913,-0.11976
1,8.2800,-0.02493,-0.11713
1,8.3400,-0.03021,-0.11383
1,8.4000,-0.03498,-0.10993
1,8.4600,-0.03922,-0.10549
1,8.5200,-0.04294,-0.10057
1,8.5800,-0.04615,-0.09524
1,8.6400,-0.04885,-0.08955
1,8.7000,-0.05104,-0.08357
1,8.7600,-0.05276,-0.07735
1,8.8200,-0.05401,-0.07096
1,8.8800,-0.05481,-0.06444
1,8.9400,-0.05518,-0.05785
1,9.0000,-0.05514,-0.05124
1,9.0600,-0.05472,-0.04466
1,9.1200,-0.05395,-0.03814
1,9.1800,-0.05284,-0.03174
1,9.2400,-0.05143,-0.02549
1,9.3000,-0.04975,-0.01942
1,9.3600,-0.04781,-0.01357
1,9.4200,-0.04566,-0.00796
1,9.4800,-0.04331,-0.00262
1,9.5400,-0.04079,0.00243
1,9.6000,-0.03814,0.00717
1,9.6600,-0.03537,0.01158
1,9.7200,-0.03252,0.01566
1,9.7800,-0.02960,0.01940
1,9.8400,-0.02665,0.02278
1,9.9000,-0.02368,0.02581
1,9.9600,-0.02072,0.02848
1,10.0200,-0.01778,0.03080
1,10.0800,-0.01489,0.03276
1,10.1400,-0.01207,0.03439
1,10.2000,-0.00932,0.03568
1,10.2600,-0.00667,0.03665
1,10.3200,-0.00412,0.03730
1,10.3800,-0.00169,0.03765
1,10.4400,0.00060,0.03772
1,10.5000,0.00276,0.03753
1,10.5600,0.00478,0.03708
1,10.6200,0.00665,0.03640
1,10.6800,0.00836,0.03550
1,10.7400,0.00991,0.03441
1,10.8000,0.01130,0.03314
1,10.8600,0.01254,0.03171
1,10.9200,0.01361,0.03014
1,10.9800,0.01453,0.02846
1,11.0400,0.01529,0.02667
1,11.1000,0.01590,0.02480
1,11.1600,0.01637,0.02286
1,11.2200,0.01669,0.02088
1,11.2800,0.01688,0.01886
1,11.3400,0.01694,0.01683
1,11.4000,0.01687,0.01480
1,11.4600,0.01670,0.01279
1,11.5200,0.01641,0.01080
1,11.5800,0.01603,0.00885
1,11.6400,0.01556,0.00695
1,11.7000,0.01500,0.00512
1,11.7600,0.01438,0.00335
1,11.8200,0.01369,0.00167
1,11.8800,0.01294,0.00007
1,11.9400,0.01215,-0.00144
1,12.0000,0.01132,-0.00285
2,0.0000,-0.62780,5.16363
2,0.0600,-0.33588,5.21292
2,0.1200,-0.02000,5.23441
2,0.1800,0.28138,5.21967
2,0.2400,0.53489,5.17655
2,0.3000,0.72964,5.11971
2,0.3600,0.87204,5.05994
2,0.4200,0.97396,5.00231
2,0.4800,1.04639,4.94833
2,0.5400,1.09777,4.89796
2,0.6000,1.13422,4.85063
2,0.6600,1.16003,4.80567
2,0.7200,1.17823,4.76250
2,0.7800,1.19095,4.72063
2,0.8400,1.19972,4.67970
2,0.9000,1.20561,4.63941
2,0.9600,1.20940,4.59956
2,1.0200,1.21166,4.55998
2,1.0800,1.21278,4.52055
2,1.1400,1.21305,4.48118
2,1.2000,1.21270,4.44181
2,1.2600,1.21187,4.40239
2,1.3200,1.21069,4.36287
2,1.3800,1.20923,4.32324
2,1.4400,1.20756,4.28347
2,1.5000,1.20572,4.24353
2,1.5600,1.20374,4.20343
2,1.6200,1.20164,4.16315
2,1.6800,1.19946,4.12267
2,1.7400,1.19718,4.08200
2,1.8000,1.19483,4.04113
2,1.8600,1.19242,4.00005
2,1.9200,1.18994,3.95875
2,1.9800,1.18739,3.91724
2,2.0400,1.18479,3.87550
2,2.1000,1.18213,3.83354
2,2.1600,1.17941,3.79135
2,2.2200,1.17663,3.74892
2,2.2800,1.17379,3.70625
2,2.3400,1.17089,3.66335
2,2.4000,1.16792,3.62020
2,2.4600,1.16490,3.57680
2,2.5200,1.16180,3.53315
2,2.5800,1.15864,3.48924
2,2.6400,1.15541,3.44507
2,2.7000,1.15211,3.40063
2,2.7600,1.14873,3.35593
2,2.8200,1.14527,3.31096
2,2.8800,1.14173,3.26571
2,2.9400,1.13811,3.22018
2,3.0000,1.13441,3.17436
2,3.0600,1.13062,3.12826
2,3.1200,1.12673,3.08186
2,3.1800,1.12275,3.03516
2,3.2400,1.11866,2.98816
2,3.3000,1.11448,2.94086
2,3.3600,1.11019,2.89324
2,3.4200,1.10578,2.84531
2,3.4800,1.10126,2.79706
2,3.5400,1.09662,2.74849
2,3.6000,1.09185,2.69958
2,3.6600,1.08695,2.65034
2,3.7200,1.08191,2.60077
2,3.7800,1.07673,2.55085
2,3.8400,1.07140,2.50058
2,3.9000,1.06591,2.44997
2,3.9600,1.06026,2.39900
2,4.0200,1.05444,2.34766
2,4.0800,1.04845,2.29597
2,4.1400,1.04226,2.24391
2,4.2000,1.03588,2.19148
2,4.2600,1.02930,2.13867
2,4.3200,1.02250,2.08549
2,4.3800,1.01548,2.03193
2,4.4400,1.00822,1.97799
2,4.5000,1.00072,1.92367
2,4.5600,0.99295,1.86897
2,4.6200,0.98491,1.81388
2,4.6800,0.97659,1.75841
2,4.7400,0.96796,1.70257
2,4.8000,0.95902,1.64634
2,4.8600,0.94975,1.58975
2,4.9200,0.94012,1.53279
2,4.9800,0.93012,1.47547
2,5.0400,0.91974,1.41780
2,5.1000,0.90894,1.35980
2,5.1600,0.89771,1.30147
2,5.2200,0.88603,1.24283
2,5.2800,0.87387,1.18391
2,5.3400,0.86120,1.12473
2,5.4000,0.84800,1.06531
2,5.4600,0.83424,1.00569
2,5.5200,0.81990,0.94590
2,5.5800,0.80493,0.88600
2,5.6400,0.78932,0.82602
2,5.7000,0.77303,0.76602
2,5.7600,0.75602,0.70607
2,5.8200,0.73827,0.64625
2,5.8800,0.71974,0.58662
2,5.9400,0.70041,0.52730
2,6.0000,0.68025,0.46837
2,6.0600,0.65922,0.40996
2,6.1200,0.63731,0.35218
2,6.1800,0.61450,0.29519
2,6.2400,0.59077,0.23913
2,6.3000,0.56612,0.18417
2,6.3600,0.54055,0.13048
2,6.4200,0.51409,0.07826
2,6.4800,0.48674,0.02771
2,6.5400,0.45856,-0.02098
2,6.6000,0.42959,-0.06759
2,6.6600,0.39992,-0.11190
2,6.7200,0.36963,-0.15371
2,6.7800,0.33882,-0.19282
2,6.8400,0.30762,-0.22903
2,6.9000,0.27618,-0.26218
2,6.9600,0.24465,-0.29211
2,7.0200,0.21321,-0.31871
2,7.0800,0.18202,-0.34190
2,7.1400,0.15128,-0.36160
2,7.2000,0.12116,-0.37783
2,7.2600,0.09186,-0.39059
2,7.3200,0.06354,-0.39995
2,7.3800,0.03636,-0.40600
2,7.4400,0.01048,-0.40887
2,7.5000,-0.01399,-0.40872
2,7.5600,-0.03693,-0.40572
2,7.6200,-0.05825,-0.40007
2,7.6800,-0.07790,-0.39196
2,7.7400,-0.09582,-0.38163
2,7.8000,-0.11200,-0.36928
2,7.8600,-0.12642,-0.35514
2,7.9200,-0.13909,-0.33941
2,7.9800,-0.15003,-0.32232
2,8.0400,-0.15928,-0.30407
2,8.1000,-0.16689,-0.28485
2,8.1600,-0.17290,-0.26485
2,8.2200,-0.17739,-0.24426
2,8.2800,-0.18041,-0.22324
2,8.3400,-0.18205,-0.20196
2,8.4000,-0.18236,-0.18057
2,8.4600,-0.18144,-0.15920
2,8.5200,-0.17936,-0.13801
2,8.5800,-0.17621,-0.11710
2,8.6400,-0.17206,-0.09660
2,8.7000,-0.16700,-0.07662
2,8.7600,-0.16111,-0.05727
2,8.8200,-0.15448,-0.03862
2,8.8800,-0.14720,-0.02076
2,8.9400,-0.13933,-0.00378
2,9.0000,-0.13098,0.01227
2,9.0600,-0.12221,0.02733
2,9.1200,-0.11311,0.04135
2,9.1800,-0.10375,0.05429
2,9.2400,-0.09422,0.06612
2,9.3000,-0.08459,0.07682
2,9.3600,-0.07492,0.08638
2,9.4200,-0.06529,0.09479
2,9.4800,-0.05576,0.10206
2,9.5400,-0.04639,0.10821
2,9.6000,-0.03723,0.11324
2,9.6600,-0.02835,0.11720
2,9.7200,-0.01978,0.12011
2,9.7800,-0.01156,0.12201
2,9.8400,-0.00374,0.12295
2,9.9000,0.00365,0.12297
2,9.9600,0.01059,0.12213
2,10.0200,0.01705,0.12049
2,10.0800,0.02302,0.11810
2,10.1400,0.02848,0.11502
2,10.2000,0.03342,0.11132
2,10.2600,0.03784,0.10705
2,10.3200,0.04174,0.10229
2,10.3800,0.04512,0.09709
2,10.4400,0.04799,0.09151
2,10.5000,0.05036,0.08562
2,10.5600,0.05223,0.07948
2,10.6200,0.05364,0.07314
2,10.6800,0.05459,0.06666
2,10.7400,0.05510,0.06009
2,10.8000,0.05520,0.05348
2,10.8600,0.05491,0.04688
2,10.9200,0.05425,0.04034
2,10.9800,0.05325,0.03389
2,11.0400,0.05194,0.02759
2,11.1000,0.05035,0.02145
2,11.1600,0.04849,0.01552
2,11.2200,0.04641,0.00983
2,11.2800,0.04412,0.00440
2,11.3400,0.04166,-0.00075
2,11.4000,0.03905,-0.00560
2,11.4600,0.03632,-0.01013
2,11.5200,0.03349,-0.01432
2,11.5800,0.03059,-0.01817
2,11.6400,0.02765,-0.02167
2,11.7000,0.02468,-0.02482
2,11.7600,0.02172,-0.02761
2,11.8200,0.01877,-0.03005
2,11.8800,0.01586,-0.03214
2,11.9400,0.01301,-0.03388
2,12.0000,0.01024,-0.03528
3,0.0000,-1.55425,4.44034
3,0.0600,-1.45249,4.44797
3,0.1200,-1.33621,4.46818
3,0.1800,-1.20055,4.50167
3,0.2400,-1.03938,4.54805
3,0.3000,-0.84579,4.60447
3,0.3600,-0.61450,4.66368
3,0.4200,-0.34750,4.71294
3,0.4800,-0.06078,4.73728
3,0.5400,0.21676,4.72865
3,0.6000,0.45795,4.69174
3,0.6600,0.65062,4.63841
3,0.7200,0.79677,4.57908
3,0.7800,0.90478,4.51971
3,0.8400,0.98369,4.46277
3,0.9000,1.04109,4.40889
3,0.9600,1.08277,4.35785
3,1.0200,1.11295,4.30920
3,1.0800,1.13471,4.26244
3,1.1400,1.15029,4.21711
3,1.2000,1.16130,4.17284
3,1.2600,1.16892,4.12933
3,1.3200,1.17400,4.08635
3,1.3800,1.17719,4.04371
3,1.4400,1.17895,4.00129
3,1.5000,1.17962,3.95897
3,1.5600,1.17946,3.91667
3,1.6200,1.17867,3.87433
3,1.6800,1.17738,3.83190
3,1.7400,1.17571,3.78935
3,1.8000,1.17373,3.74665
3,1.8600,1.17150,3.70376
3,1.9200,1.16906,3.66069
3,1.9800,1.16646,3.61740
3,2.0400,1.16370,3.57389
3,2.1000,1.16082,3.53015
3,2.1600,1.15782,3.48616
3,2.2200,1.15471,3.44193
3,2.2800,1.15150,3.39745
3,2.3400,1.14819,3.35270
3,2.4000,1.14479,3.30769
3,2.4600,1.14129,3.26240
3,2.5200,1.13770,3.21683
3,2.5800,1.13402,3.17099
3,2.6400,1.13024,3.12485
3,2.7000,1.12637,3.07843
3,2.7600,1.12239,3.03170
3,2.8200,1.11831,2.98468
3,2.8800,1.11413,2.93735
3,2.9400,1.10984,2.88971
3,3.0000,1.10543,2.84175
3,3.0600,1.10090,2.79348
3,3.1200,1.09625,2.74487
3,3.1800,1.09148,2.69594
3,3.2400,1.08657,2.64668
3,3.3000,1.08152,2.59708
3,3.3600,1.07633,2.54713
3,3.4200,1.07099,2.49684
3,3.4800,1.06549,2.44620
3,3.5400,1.05983,2.39520
3,3.6000,1.05400,2.34384
3,3.6600,1.04799,2.29212
3,3.7200,1.04179,2.24003
3,3.7800,1.03540,2.18757
3,3.8400,1.02880,2.13474
3,3.9000,1.02199,2.08153
3,3.9600,1.01495,2.02794
3,4.0200,1.00767,1.97397
3,4.0800,1.00015,1.91962
3,4.1400,0.99236,1.86489
3,4.2000,0.98431,1.80978
3,4.2600,0.97596,1.75428
3,4.3200,0.96731,1.69841
3,4.3800,0.95835,1.64216
3,4.4400,0.94904,1.58554
3,4.5000,0.93939,1.52855
3,4.5600,0.92937,1.47120
3,4.6200,0.91895,1.41351
3,4.6800,0.90812,1.35548
3,4.7400,0.89686,1.29713
3,4.8000,0.88514,1.23847
3,4.8600,0.87295,1.17953
3,4.9200,0.86024,1.12033
3,4.9800,0.84700,1.06089
3,5.0400,0.83320,1.00126
3,5.1000,0.81881,0.94146
3,5.1600,0.80380,0.88155
3,5.2200,0.78814,0.82156
3,5.2800,0.77179,0.76157
3,5.3400,0.75473,0.70163
3,5.4000,0.73692,0.64182
3,5.4600,0.71834,0.58221
3,5.5200,0.69895,0.52291
3,5.5800,0.67872,0.46402
3,5.6400,0.65762,0.40565
3,5.7000,0.63565,0.34793
3,5.7600,0.61277,0.29100
3,5.8200,0.58897,0.23501
3,5.8800,0.56425,0.18014
3,5.9400,0.53862,0.12656
3,6.0000,0.51209,0.07445
3,6.0600,0.48468,0.02403
3,6.1200,0.45644,-0.02451
3,6.1800,0.42742,-0.07096
3,6.2400,0.39769,-0.11509
3,6.3000,0.36736,-0.15671
3,6.3600,0.33652,-0.19561
3,6.4200,0.30530,-0.23160
3,6.4800,0.27385,-0.26451
3,6.5400,0.24232,-0.29420
3,6.6000,0.21088,-0.32055
3,6.6600,0.17972,-0.34348
3,6.7200,0.14902,-0.36293
3,6.7800,0.11896,-0.37889
3,6.8400,0.08972,-0.39140
3,6.9000,0.06148,-0.40051
3,6.9600,0.03440,-0.40632
3,7.0200,0.00861,-0.40896
3,7.0800,-0.01574,-0.40859
3,7.1400,-0.03856,-0.40539
3,7.2000,-0.05977,-0.39955
3,7.2600,-0.07929,-0.39127
3,7.3200,-0.09708,-0.38078
3,7.3800,-0.11313,-0.36829
3,7.4400,-0.12742,-0.35402
3,7.5000,-0.13996,-0.33819
3,7.5600,-0.15077,-0.32100
3,7.6200,-0.15990,-0.30267
3,7.6800,-0.16739,-0.28339
3,7.7400,-0.17329,-0.26335
3,7.8000,-0.17766,-0.24272
3,7.8600,-0.18058,-0.22167
3,7.9200,-0.18211,-0.20038
3,7.9800,-0.18234,-0.17898
3,8.0400,-0.18133,-0.15762
3,8.1000,-0.17916,-0.13644
3,8.1600,-0.17593,-0.11556
3,8.2200,-0.17171,-0.09510
3,8.2800,-0.16659,-0.07517
3,8.3400,-0.16065,-0.05586
3,8.4000,-0.15396,-0.03726
3,8.4600,-0.14663,-0.01947
3,8.5200,-0.13873,-0.00255
3,8.5800,-0.13034,0.01342
3,8.6400,-0.12154,0.02841
3,8.7000,-0.11242,0.04235
3,8.7600,-0.10305,0.05520
3,8.8200,-0.09351,0.06695
3,8.8800,-0.08387,0.07757
3,8.9400,-0.07421,0.08704
3,9.0000,-0.06458,0.09537
3,9.0600,-0.05506,0.10256
3,9.1200,-0.04570,0.10862
3,9.1800,-0.03657,0.11357
3,9.2400,-0.02770,0.11745
3,9.3000,-0.01915,0.12028
3,9.3600,-0.01097,0.12211
3,9.4200,-0.00318,0.12298
3,9.4800,0.00418,0.12294
3,9.5400,0.01109,0.12203
3,9.6000,0.01751,0.12033
3,9.6600,0.02344,0.11789
3,9.7200,0.02886,0.11476
3,9.7800,0.03377,0.11102
3,9.8400,0.03815,0.10671
3,9.9000,0.04201,0.10192
3,9.9600,0.04535,0.09669
3,10.0200,0.04818,0.09109
3,10.0800,0.05051,0.08518
3,10.1400,0.05235,0.07902
3,10.2000,0.05372,0.07266
3,10.2600,0.05464,0.06617
3,10.3200,0.05512,0.05960
3,10.3800,0.05519,0.05299
3,10.4400,0.05487,0.04639
3,10.5000,0.05419,0.03986
3,10.5600,0.05317,0.03342
3,10.6200,0.05184,0.02713
3,10.6800,0.05022,0.02101
3,10.7400,0.04835,0.01509
3,10.8000,0.04625,0.00942
3,10.8600,0.04395,0.00401
3,10.9200,0.04147,-0.00112
3,10.9800,0.03885,-0.00595
3,11.0400,0.03611,-0.01045
3,11.1000,0.03328,-0.01462
3,11.1600,0.03038,-0.01844
3,11.2200,0.02743,-0.02192
3,11.2800,0.02446,-0.02504
3,11.3400,0.02150,-0.02781
3,11.4000,0.01855,-0.03022
3,11.4600,0.01565,-0.03228
3,11.5200,0.01281,-0.03399
3,11.5800,0.01004,-0.03537
3,11.6400,0.00736,-0.03642
3,11.7000,0.00478,-0.03716
3,11.7600,0.00232,-0.03759
3,11.8200,-0.00001,-0.03773
3,11.8800,-0.00221,-0.03761
3,11.9400,-0.00426,-0.03722
3,12.0000,-0.00617,-0.03660
4,0.0000,0.93327,-0.44324
4,0.0600,0.86396,-0.50161
4,0.1200,0.79503,-0.56131
4,0.1800,0.72609,-0.62120
4,0.2400,0.65686,-0.68014
4,0.3000,0.58717,-0.73699
4,0.3600,0.51697,-0.79062
4,0.4200,0.44636,-0.83997
4,0.4800,0.37559,-0.88403
4,0.5400,0.30505,-0.92191
4,0.6000,0.23524,-0.95292
4,0.6600,0.16679,-0.97655
4,0.7200,0.10032,-0.99255
4,0.7800,0.03652,-1.00089
4,0.8400,-0.02403,-1.00178
4,0.9000,-0.08080,-0.99564
4,0.9600,-0.13339,-0.98300
4,1.0200,-0.18151,-0.96452
4,1.0800,-0.22502,-0.94088
4,1.1400,-0.26388,-0.91277
4,1.2000,-0.29814,-0.88085
4,1.2600,-0.32793,-0.84573
4,1.3200,-0.35344,-0.80797
4,1.3800,-0.37488,-0.76806
4,1.4400,-0.39249,-0.72642
4,1.5000,-0.40653,-0.68342
4,1.5600,-0.41723,-0.63940
4,1.6200,-0.42482,-0.59464
4,1.6800,-0.42954,-0.54938
4,1.7400,-0.43159,-0.50385
4,1.8000,-0.43116,-0.45826
4,1.8600,-0.42845,-0.41278
4,1.9200,-0.42360,-0.36760
4,1.9800,-0.41678,-0.32288
4,2.0400,-0.40814,-0.27878
4,2.1000,-0.39780,-0.23546
4,2.1600,-0.38589,-0.19307
4,2.2200,-0.37254,-0.15177
4,2.2800,-0.35786,-0.11170
4,2.3400,-0.34198,-0.07301
4,2.4000,-0.32501,-0.03585
4,2.4600,-0.30707,-0.00035
4,2.5200,-0.28829,0.03335
4,2.5800,-0.26877,0.06513
4,2.6400,-0.24866,0.09486
4,2.7000,-0.22808,0.12245
4,2.7600,-0.20716,0.14781
4,2.8200,-0.18604,0.17085
4,2.8800,-0.16485,0.19154
4,2.9400,-0.14373,0.20982
4,3.0000,-0.12281,0.22568
4,3.0600,-0.10221,0.23912
4,3.1200,-0.08206,0.25017
4,3.1800,-0.06249,0.25886
4,3.2400,-0.04358,0.26526
4,3.3000,-0.02546,0.26945
4,3.3600,-0.00819,0.27151
4,3.4200,0.00813,0.27155
4,3.4800,0.02345,0.26969
4,3.5400,0.03770,0.26606
4,3.6000,0.05086,0.26078
4,3.6600,0.06289,0.25400
4,3.7200,0.07377,0.24584
4,3.7800,0.08349,0.23646
4,3.8400,0.09205,0.22600
4,3.9000,0.09947,0.21459
4,3.9600,0.10576,0.20237
4,4.0200,0.11095,0.18947
4,4.0800,0.11506,0.17603
4,4.1400,0.11814,0.16216
4,4.2000,0.12023,0.14799
4,4.2600,0.12137,0.13363
4,4.3200,0.12160,0.11919
4,4.3800,0.12100,0.10476
4,4.4400,0.11959,0.09046
4,4.5000,0.11745,0.07635
4,4.5600,0.11463,0.06254
4,4.6200,0.11119,0.04909
4,4.6800,0.10718,0.03607
4,4.7400,0.10267,0.02356
4,4.8000,0.09771,0.01160
4,4.8600,0.09236,0.00024
4,4.9200,0.08669,-0.01046
4,4.9800,0.08074,-0.02048
4,5.0400,0.07458,-0.02978
4,5.1000,0.06826,-0.03835
4,5.1600,0.06183,-0.04615
4,5.2200,0.05533,-0.05318
4,5.2800,0.04883,-0.05944
4,5.3400,0.04237,-0.06492
4,5.4000,0.03598,-0.06964
4,5.4600,0.02971,-0.07359
4,5.5200,0.02359,-0.07680
4,5.5800,0.01766,-0.07930
4,5.6400,0.01196,-0.08109
4,5.7000,0.00650,-0.08221
4,5.7600,0.00131,-0.08269
4,5.8200,-0.00359,-0.08256
4,5.8800,-0.00818,-0.08187
4,5.9400,-0.01245,-0.08064
4,6.0000,-0.01638,-0.07892
4,6.0600,-0.01996,-0.07675
4,6.1200,-0.02320,-0.07416
4,6.1800,-0.02609,-0.07121
4,6.2400,-0.02863,-0.06793
4,6.3000,-0.03082,-0.06437
4,6.3600,-0.03267,-0.06057
4,6.4200,-0.03419,-0.05656
4,6.4800,-0.03537,-0.05239
4,6.5400,-0.03624,-0.04810
4,6.6000,-0.03681,-0.04372
4,6.6600,-0.03709,-0.03928
4,6.7200,-0.03709,-0.03484
4,6.7800,-0.03683,-0.03040
4,6.8400,-0.03633,-0.02601
4,6.9000,-0.03561,-0.02169
4,6.9600,-0.03467,-0.01748
4,7.0200,-0.03356,-0.01338
4,7.0800,-0.03227,-0.00943
4,7.1400,-0.03083,-0.00564
4,7.2000,-0.02926,-0.00203
4,7.2600,-0.02757,0.00138
4,7.3200,-0.02579,0.00459
4,7.3800,-0.02394,0.00758
4,7.4400,-0.02202,0.01034
4,7.5000,-0.02006,0.01287
4,7.5600,-0.01808,0.01517
4,7.6200,-0.01608,0.01722
4,7.6800,-0.01408,0.01904
4,7.7400,-0.01211,0.02061
4,7.8000,-0.01016,0.02195
4,7.8600,-0.00826,0.02306
4,7.9200,-0.00640,0.02395
4,7.9800,-0.00461,0.02461
4,8.0400,-0.00290,0.02507
4,8.1000,-0.00126,0.02532
4,8.1600,0.00030,0.02538
4,8.2200,0.00176,0.02526
4,8.2800,0.00312,0.02497
4,8.3400,0.00438,0.02453
4,8.4000,0.00554,0.02393
4,8.4600,0.00660,0.02321
4,8.5200,0.00754,0.02236
4,8.5800,0.00838,0.02141
4,8.6400,0.00911,0.02036
4,8.7000,0.00973,0.01923
4,8.7600,0.01026,0.01803
4,8.8200,0.01067,0.01678
4,8.8800,0.01099,0.01548
4,8.9400,0.01122,0.01414
4,9.0000,0.01135,0.01279
4,9.0600,0.01140,0.01142
4,9.1200,0.01136,0.01006
4,9.1800,0.01125,0.00870
4,9.2400,0.01106,0.00736
4,9.3000,0.01081,0.00605
4,9.3600,0.01049,0.00477
4,9.4200,0.01012,0.00353
4,9.4800,0.00971,0.00234
4,9.5400,0.00924,0.00120
4,9.6000,0.00874,0.00012
4,9.6600,0.00821,-0.00090
4,9.7200,0.00765,-0.00185
4,9.7800,0.00707,-0.00274
4,9.8400,0.00648,-0.00356
4,9.9000,0.00587,-0.00430
4,9.9600,0.00526,-0.00497
4,10.0200,0.00465,-0.00556
4,10.0800,0.00404,-0.00609
4,10.1400,0.00343,-0.00654
4,10.2000,0.00284,-0.00691
4,10.2600,0.00226,-0.00722
4,10.3200,0.00170,-0.00746
4,10.3800,0.00116,-0.00764
4,10.4400,0.00065,-0.00775
4,10.5000,0.00016,-0.00779
4,10.5600,-0.00031,-0.00779
4,10.6200,-0.00074,-0.00772
4,10.6800,-0.00115,-0.00761
4,10.7400,-0.00152,-0.00745
4,10.8000,-0.00186,-0.00725
4,10.8600,-0.00217,-0.00701
4,10.9200,-0.00244,-0.00673
4,10.9800,-0.00268,-0.00643
4,11.0400,-0.00289,-0.00609
4,11.1000,-0.00307,-0.00573
4,11.1600,-0.00322,-0.00536
4,11.2200,-0.00333,-0.00496
4,11.2800,-0.00341,-0.00456
4,11.3400,-0.00347,-0.00415
4,11.4000,-0.00350,-0.00373
4,11.4600,-0.00350,-0.00331
4,11.5200,-0.00348,-0.00289
4,11.5800,-0.00343,-0.00248
4,11.6400,-0.00336,-0.00207
4,11.7000,-0.00328,-0.00167
4,11.7600,-0.00317,-0.00128
4,11.8200,-0.00305,-0.00091
4,11.8800,-0.00292,-0.00055
4,11.9400,-0.00277,-0.00021
4,12.0000,-0.00261,0.00012
5,0.0000,-0.61879,-3.06282
5,0.0600,-0.71190,-3.00465
5,0.1200,-0.78595,-2.94487
5,0.1800,-0.84425,-2.88500
5,0.2400,-0.88981,-2.82582
5,0.3000,-0.92515,-2.76761
5,0.3600,-0.95234,-2.71041
5,0.4200,-0.97302,-2.65415
5,0.4800,-0.98850,-2.59867
5,0.5400,-0.99981,-2.54383
5,0.6000,-1.00776,-2.48946
5,0.6600,-1.01300,-2.43544
5,0.7200,-1.01602,-2.38163
5,0.7800,-1.01723,-2.32794
5,0.8400,-1.01694,-2.27427
5,0.9000,-1.01539,-2.22056
5,0.9600,-1.01278,-2.16673
5,1.0200,-1.00926,-2.11275
5,1.0800,-1.00496,-2.05856
5,1.1400,-0.99997,-2.00413
5,1.2000,-0.99436,-1.94945
5,1.2600,-0.98820,-1.89447
5,1.3200,-0.98151,-1.83919
5,1.3800,-0.97434,-1.78360
5,1.4400,-0.96670,-1.72767
5,1.5000,-0.95862,-1.67141
5,1.5600,-0.95009,-1.61482
5,1.6200,-0.94113,-1.55788
5,1.6800,-0.93172,-1.50061
5,1.7400,-0.92187,-1.44300
5,1.8000,-0.91156,-1.38507
5,1.8600,-0.90078,-1.32682
5,1.9200,-0.88952,-1.26827
5,1.9800,-0.87776,-1.20943
5,2.0400,-0.86547,-1.15033
5,2.1000,-0.85265,-1.09099
5,2.1600,-0.83925,-1.03144
5,2.2200,-0.82527,-0.97171
5,2.2800,-0.81067,-0.91184
5,2.3400,-0.79541,-0.85188
5,2.4000,-0.77949,-0.79188
5,2.4600,-0.76285,-0.73191
5,2.5200,-0.74548,-0.67203
5,2.5800,-0.72734,-0.61231
5,2.6400,-0.70840,-0.55285
5,2.7000,-0.68863,-0.49375
5,2.7600,-0.66801,-0.43511
5,2.8200,-0.64652,-0.37705
5,2.8800,-0.62412,-0.31972
5,2.9400,-0.60081,-0.26325
5,3.0000,-0.57659,-0.20781
5,3.0600,-0.55144,-0.15356
5,3.1200,-0.52538,-0.10070
5,3.1800,-0.49843,-0.04941
5,3.2400,-0.47062,0.00009
5,3.3000,-0.44200,0.04761
5,3.3600,-0.41264,0.09293
5,3.4200,-0.38262,0.13583
5,3.4800,-0.35204,0.17611
5,3.5400,-0.32101,0.21359
5,3.6000,-0.28967,0.24807
5,3.6600,-0.25818,0.27939
5,3.7200,-0.22669,0.30744
5,3.7800,-0.19539,0.33210
5,3.8400,-0.16444,0.35330
5,3.9000,-0.13405,0.37102
5,3.9600,-0.10439,0.38527
5,4.0200,-0.07564,0.39609
5,4.0800,-0.04796,0.40356
5,4.1400,-0.02152,0.40779
5,4.2000,0.00356,0.40893
5,4.2600,0.02717,0.40714
5,4.3200,0.04919,0.40261
5,4.3800,0.06956,0.39555
5,4.4400,0.08822,0.38616
5,4.5000,0.10515,0.37466
5,4.5600,0.12032,0.36128
5,4.6200,0.13374,0.34622
5,4.6800,0.14542,0.32970
5,4.7400,0.15539,0.31194
5,4.8000,0.16370,0.29312
5,4.8600,0.17040,0.27345
5,4.9200,0.17554,0.25311
5,4.9800,0.17918,0.23226
5,5.0400,0.18141,0.21109
5,5.1000,0.18229,0.18973
5,5.1600,0.18189,0.16835
5,5.2200,0.18030,0.14708
5,5.2800,0.17761,0.12604
5,5.3400,0.17388,0.10536
5,5.4000,0.16921,0.08516
5,5.4600,0.16367,0.06553
5,5.5200,0.15736,0.04657
5,5.5800,0.15035,0.02837
5,5.6400,0.14273,0.01101
5,5.7000,0.13458,-0.00544
5,5.7600,0.12598,-0.02093
5,5.8200,0.11702,-0.03539
5,5.8800,0.10777,-0.04880
5,5.9400,0.09831,-0.06110
5,6.0000,0.08872,-0.07229
5,6.0600,0.07906,-0.08234
5,6.1200,0.06941,-0.09124
5,6.1800,0.05984,-0.09900
5,6.2400,0.05039,-0.10563
5,6.3000,0.04114,-0.11114
5,6.3600,0.03214,-0.11556
5,6.4200,0.02343,-0.11891
5,6.4800,0.01506,-0.12124
5,6.5400,0.00707,-0.12259
5,6.6000,-0.00051,-0.12300
5,6.6600,-0.00764,-0.12253
5,6.7200,-0.01431,-0.12123
5,6.7800,-0.02049,-0.11916
5,6.8400,-0.02617,-0.11637
5,6.9000,-0.03133,-0.11293
5,6.9600,-0.03597,-0.10891
5,7.0200,-0.04010,-0.10435
5,7.0800,-0.04370,-0.09934
5,7.1400,-0.04679,-0.09392
5,7.2000,-0.04937,-0.08816
5,7.2600,-0.05145,-0.08212
5,7.3200,-0.05306,-0.07586
5,7.3800,-0.05420,-0.06944
5,7.4400,-0.05490,-0.06290
5,7.5000,-0.05518,-0.05631
5,7.5600,-0.05505,-0.04971
5,7.6200,-0.05455,-0.04314
5,7.6800,-0.05370,-0.03665
5,7.7400,-0.05252,-0.03028
5,7.8000,-0.05105,-0.02407
5,7.8600,-0.04930,-0.01805
5,7.9200,-0.04731,-0.01226
5,7.9800,-0.04511,-0.00671
5,8.0400,-0.04272,-0.00144
5,8.1000,-0.04017,0.00354
5,8.1600,-0.03749,0.00820
5,8.2200,-0.03471,0.01254
5,8.2800,-0.03184,0.01654
5,8.3400,-0.02891,0.02019
5,8.4000,-0.02596,0.02349
5,8.4600,-0.02299,0.02644
5,8.5200,-0.02003,0.02902
5,8.5800,-0.01711,0.03126
5,8.6400,-0.01423,0.03315
5,8.7000,-0.01142,0.03470
5,8.7600,-0.00870,0.03591
5,8.8200,-0.00607,0.03680
5,8.8800,-0.00355,0.03739
5,8.9400,-0.00116,0.03768
5,9.0000,0.00111,0.03768
5,9.0600,0.00324,0.03743
5,9.1200,0.00522,0.03692
5,9.1800,0.00705,0.03619
5,9.2400,0.00872,0.03525
5,9.3000,0.01024,0.03412
5,9.3600,0.01160,0.03281
5,9.4200,0.01279,0.03135
5,9.4800,0.01383,0.02975
5,9.5400,0.01471,0.02804
5,9.6000,0.01544,0.02623
5,9.6600,0.01601,0.02435
5,9.7200,0.01645,0.02240
5,9.7800,0.01674,0.02041
5,9.8400,0.01689,0.01839
5,9.9000,0.01692,0.01636
5,9.9600,0.01683,0.01433
5,10.0200,0.01663,0.01232
5,10.0800,0.01633,0.01034
5,10.1400,0.01592,0.00841
5,10.2000,0.01543,0.00652
5,10.2600,0.01486,0.00470
5,10.3200,0.01422,0.00296
5,10.3800,0.01351,0.00129
5,10.4400,0.01276,-0.00029
5,10.5000,0.01195,-0.00177
5,10.5600,0.01111,-0.00316
5,10.6200,0.01025,-0.00444
5,10.6800,0.00936,-0.00562
5,10.7400,0.00845,-0.00669
5,10.8000,0.00754,-0.00766
5,10.8600,0.00663,-0.00851
5,10.9200,0.00573,-0.00925
5,10.9800,0.00483,-0.00989
5,11.0400,0.00396,-0.01042
5,11.1000,0.00311,-0.01085
5,11.1600,0.00229,-0.01117
5,11.2200,0.00149,-0.01140
5,11.2800,0.00074,-0.01154
5,11.3400,0.00002,-0.01158
5,11.4000,-0.00066,-0.01155
5,11.4600,-0.00129,-0.01143
5,11.5200,-0.00188,-0.01124
5,11.5800,-0.00241,-0.01099
5,11.6400,-0.00291,-0.01067
5,11.7000,-0.00335,-0.01029
5,11.7600,-0.00374,-0.00987
5,11.8200,-0.00409,-0.00940
5,11.8800,-0.00438,-0.00889
5,11.9400,-0.00463,-0.00835
5,12.0000,-0.00483,-0.00778
6,0.0000,-0.77010,-0.75921
6,0.0600,-0.75310,-0.69928
6,0.1200,-0.73535,-0.63948
6,0.1800,-0.71681,-0.57990
6,0.2400,-0.69745,-0.52062
6,0.3000,-0.67725,-0.46177
6,0.3600,-0.65617,-0.40344
6,0.4200,-0.63421,-0.34576
6,0.4800,-0.61133,-0.28889
6,0.5400,-0.58754,-0.23297
6,0.6000,-0.56283,-0.17816
6,0.6600,-0.53720,-0.12466
6,0.7200,-0.51066,-0.07264
6,0.7800,-0.48325,-0.02231
6,0.8400,-0.45501,0.02614
6,0.9000,-0.42599,0.07247
6,0.9600,-0.39627,0.11649
6,1.0200,-0.36594,0.15799
6,1.0800,-0.33511,0.19675
6,1.1400,-0.30391,0.23261
6,1.2000,-0.27248,0.26539
6,1.2600,-0.24098,0.29493
6,1.3200,-0.20958,0.32114
6,1.3800,-0.17846,0.34392
6,1.4400,-0.14780,0.36323
6,1.5000,-0.11779,0.37906
6,1.5600,-0.08861,0.39143
6,1.6200,-0.06044,0.40041
6,1.6800,-0.03342,0.40610
6,1.7400,-0.00771,0.40863
6,1.8000,0.01657,0.40816
6,1.8600,0.03932,0.40486
6,1.9200,0.06044,0.39893
6,1.9800,0.07988,0.39058
6,2.0400,0.09760,0.38002
6,2.1000,0.11357,0.36748
6,2.1600,0.12778,0.35316
6,2.2200,0.14025,0.33729
6,2.2800,0.15099,0.32008
6,2.3400,0.16005,0.30172
6,2.4000,0.16748,0.28243
6,2.4600,0.17332,0.26238
6,2.5200,0.17764,0.24175
6,2.5800,0.18050,0.22071
6,2.6400,0.18198,0.19942
6,2.7000,0.18216,0.17804
6,2.7600,0.18111,0.15671
6,2.8200,0.17891,0.13556
6,2.8800,0.17564,0.11471
6,2.9400,0.17139,0.09428
6,3.0000,0.16624,0.07438
6,3.0600,0.16027,0.05511
6,3.1200,0.15357,0.03657
6,3.1800,0.14622,0.01882
6,3.2400,0.13831,0.00195
6,3.3000,0.12991,-0.01398
6,3.3600,0.12111,-0.02891
6,3.4200,0.11198,-0.04280
6,3.4800,0.10261,-0.05561
6,3.5400,0.09308,-0.06730
6,3.6000,0.08344,-0.07787
6,3.6600,0.07379,-0.08729
6,3.7200,0.06417,-0.09557
6,3.7800,0.05466,-0.10271
6,3.8400,0.04532,-0.10873
6,3.9000,0.03620,-0.11364
6,3.9600,0.02736,-0.11747
6,4.0200,0.01883,-0.12026
6,4.0800,0.01066,-0.12205
6,4.1400,0.00290,-0.12289
6,4.2000,-0.00444,-0.12281
6,4.2600,-0.01132,-0.12188
6,4.3200,-0.01772,-0.12015
6,4.3800,-0.02363,-0.11768
6,4.4400,-0.02903,-0.11454
6,4.5000,-0.03391,-0.11077
6,4.5600,-0.03827,-0.10645
6,4.6200,-0.04210,-0.10164
6,4.6800,-0.04543,-0.09640
6,4.7400,-0.04823,-0.09080
6,4.8000,-0.05054,-0.08488
6,4.8600,-0.05237,-0.07872
6,4.9200,-0.05372,-0.07236
6,4.9800,-0.05462,-0.06587
6,5.0400,-0.05508,-0.05930
6,5.1000,-0.05514,-0.05270
6,5.1600,-0.05480,-0.04611
6,5.2200,-0.05411,-0.03958
6,5.2800,-0.05308,-0.03316
6,5.3400,-0.05174,-0.02687
6,5.4000,-0.05011,-0.02077
6,5.4600,-0.04823,-0.01487
6,5.5200,-0.04613,-0.00921
6,5.5800,-0.04382,-0.00381
6,5.6400,-0.04134,0.00130
6,5.7000,-0.03872,0.00611
6,5.7600,-0.03598,0.01060
6,5.8200,-0.03314,0.01475
6,5.8800,-0.03024,0.01856
6,5.9400,-0.02730,0.02202
6,6.0000,-0.02433,0.02513
6,6.0600,-0.02137,0.02788
6,6.1200,-0.01843,0.03027
6,6.1800,-0.01553,0.03232
6,6.2400,-0.01269,0.03402
6,6.3000,-0.00993,0.03538
6,6.3600,-0.00725,0.03642
6,6.4200,-0.00469,0.03715
6,6.4800,-0.00223,0.03757
6,6.5400,0.00009,0.03770
6,6.6000,0.00228,0.03756
6,6.6600,0.00433,0.03717
6,6.7200,0.00623,0.03654
6,6.7800,0.00798,0.03569
6,6.8400,0.00956,0.03464
6,6.9000,0.01099,0.03341
6,6.9600,0.01226,0.03202
6,7.0200,0.01337,0.03048
6,7.0800,0.01432,0.02882
6,7.1400,0.01512,0.02706
6,7.2000,0.01576,0.02521
6,7.2600,0.01626,0.02329
6,7.3200,0.01662,0.02131
6,7.3800,0.01683,0.01931
6,7.4400,0.01692,0.01728
6,7.5000,0.01688,0.01525
6,7.5600,0.01673,0.01323
6,7.6200,0.01647,0.01124
6,7.6800,0.01611,0.00928
6,7.7400,0.01566,0.00737
6,7.8000,0.01512,0.00552
6,7.8600,0.01451,0.00374
6,7.9200,0.01384,0.00204
6,7.9800,0.01310,0.00042
6,8.0400,0.01232,-0.00111
6,8.1000,0.01150,-0.00254
6,8.1600,0.01064,-0.00387
6,8.2200,0.00976,-0.00510
6,8.2800,0.00886,-0.00622
6,8.3400,0.00795,-0.00723
6,8.4000,0.00704,-0.00813
6,8.4600,0.00613,-0.00892
6,8.5200,0.00524,-0.00961
6,8.5800,0.00435,-0.01019
6,8.6400,0.00349,-0.01066
6,8.7000,0.00266,-0.01103
6,8.7600,0.00185,-0.01130
6,8.8200,0.00108,-0.01148
6,8.8800,0.00034,-0.01157
6,8.9400,-0.00035,-0.01157
6,9.0000,-0.00101,-0.01149
6,9.0600,-0.00161,-0.01133
6,9.1200,-0.00217,-0.01111
6,9.1800,-0.00269,-0.01082
6,9.2400,-0.00315,-0.01047
6,9.3000,-0.00357,-0.01007
6,9.3600,-0.00393,-0.00962
6,9.4200,-0.00425,-0.00913
6,9.4800,-0.00452,-0.00860
6,9.5400,-0.00474,-0.00804
6,9.6000,-0.00492,-0.00746
6,9.6600,-0.00505,-0.00687
6,9.7200,-0.00514,-0.00625
6,9.7800,-0.00519,-0.00563
6,9.8400,-0.00520,-0.00501
6,9.9000,-0.00517,-0.00439
6,9.9600,-0.00511,-0.00377
6,10.0200,-0.00501,-0.00316
6,10.0800,-0.00489,-0.00257
6,10.1400,-0.00473,-0.00199
6,10.2000,-0.00456,-0.00143
6,10.2600,-0.00436,-0.00090
6,10.3200,-0.00415,-0.00039
6,10.3800,-0.00391,0.00010
6,10.4400,-0.00367,0.00055
6,10.5000,-0.00341,0.00098
6,10.5600,-0.00314,0.00137
6,10.6200,-0.00287,0.00173
6,10.6800,-0.00259,0.00206
6,10.7400,-0.00231,0.00236
6,10.8000,-0.00203,0.00262
6,10.8600,-0.00175,0.00285
6,10.9200,-0.00148,0.00304
6,10.9800,-0.00121,0.00320
6,11.0400,-0.00095,0.00333
6,11.1000,-0.00070,0.00343
6,11.1600,-0.00045,0.00350
6,11.2200,-0.00022,0.00354
6,11.2800,-0.00000,0.00356
6,11.3400,0.00021,0.00355
6,11.4000,0.00040,0.00351
6,11.4600,0.00058,0.00345
6,11.5200,0.00074,0.00337
6,11.5800,0.00090,0.00327
6,11.6400,0.00103,0.00316
6,11.7000,0.00115,0.00303
6,11.7600,0.00126,0.00288
6,11.8200,0.00135,0.00273
6,11.8800,0.00142,0.00256
6,11.9400,0.00148,0.00239
6,12.0000,0.00153,0.00221
7,0.0000,0.01429,0.73949
7,0.0600,0.05645,0.73535
7,0.1200,0.09565,0.72635
7,0.1800,0.13172,0.71290
7,0.2400,0.16454,0.69545
7,0.3000,0.19409,0.67445
7,0.3600,0.22034,0.65033
7,0.4200,0.24337,0.62353
7,0.4800,0.26323,0.59445
7,0.5400,0.28005,0.56345
7,0.6000,0.29395,0.53088
7,0.6600,0.30506,0.49706
7,0.7200,0.31354,0.46226
7,0.7800,0.31952,0.42676
7,0.8400,0.32316,0.39079
7,0.9000,0.32460,0.35457
7,0.9600,0.32398,0.31831
7,1.0200,0.32144,0.28220
7,1.0800,0.31712,0.24641
7,1.1400,0.31114,0.21112
7,1.2000,0.30363,0.17649
7,1.2600,0.29471,0.14266
7,1.3200,0.28451,0.10978
7,1.3800,0.27314,0.07799
7,1.4400,0.26073,0.04742
7,1.5000,0.24738,0.01818
7,1.5600,0.23322,-0.00960
7,1.6200,0.21836,-0.03583
7,1.6800,0.20292,-0.06041
7,1.7400,0.18702,-0.08326
7,1.8000,0.17077,-0.10432
7,1.8600,0.15430,-0.12353
7,1.9200,0.13771,-0.14085
7,1.9800,0.12112,-0.15625
7,2.0400,0.10464,-0.16973
7,2.1000,0.08837,-0.18128
7,2.1600,0.07241,-0.19093
7,2.2200,0.05686,-0.19871
7,2.2800,0.04180,-0.20466
7,2.3400,0.02731,-0.20884
7,2.4000,0.01346,-0.21132
7,2.4600,0.00032,-0.21218
7,2.5200,-0.01206,-0.21150
7,2.5800,-0.02364,-0.20939
7,2.6400,-0.03437,-0.20593
7,2.7000,-0.04424,-0.20124
7,2.7600,-0.05322,-0.19542
7,2.8200,-0.06130,-0.18858
7,2.8800,-0.06848,-0.18083
7,2.9400,-0.07476,-0.17227
7,3.0000,-0.08015,-0.16302
7,3.0600,-0.08467,-0.15318
7,3.1200,-0.08834,-0.14285
7,3.1800,-0.09118,-0.13214
7,3.2400,-0.09322,-0.12114
7,3.3000,-0.09449,-0.10994
7,3.3600,-0.09504,-0.09863
7,3.4200,-0.09490,-0.08729
7,3.4800,-0.09411,-0.07601
7,3.5400,-0.09272,-0.06486
7,3.6000,-0.09077,-0.05390
7,3.6600,-0.08830,-0.04320
7,3.7200,-0.08537,-0.03282
7,3.7800,-0.08201,-0.02281
7,3.8400,-0.07828,-0.01322
7,3.9000,-0.07423,-0.00409
7,3.9600,-0.06990,0.00454
7,4.0200,-0.06533,0.01265
7,4.0800,-0.06057,0.02020
7,4.1400,-0.05566,0.02717
7,4.2000,-0.05065,0.03355
7,4.2600,-0.04558,0.03934
7,4.3200,-0.04048,0.04451
7,4.3800,-0.03540,0.04907
7,4.4400,-0.03036,0.05303
7,4.5000,-0.02540,0.05639
7,4.5600,-0.02055,0.05916
7,4.6200,-0.01584,0.06135
7,4.6800,-0.01129,0.06299
7,4.7400,-0.00693,0.06410
7,4.8000,-0.00276,0.06469
7,4.8600,0.00117,0.06479
7,4.9200,0.00488,0.06444
7,4.9800,0.00833,0.06365
7,5.0400,0.01153,0.06247
7,5.1000,0.01445,0.06092
7,5.1600,0.01711,0.05903
7,5.2200,0.01950,0.05684
7,5.2800,0.02161,0.05437
7,5.3400,0.02344,0.05168
7,5.4000,0.02501,0.04877
7,5.4600,0.02631,0.04570
7,5.5200,0.02735,0.04248
7,5.5800,0.02813,0.03915
7,5.6400,0.02868,0.03574
7,5.7000,0.02899,0.03228
7,5.7600,0.02909,0.02880
7,5.8200,0.02897,0.02532
7,5.8800,0.02866,0.02186
7,5.9400,0.02817,0.01844
7,6.0000,0.02751,0.01510
7,6.0600,0.02669,0.01185
7,6.1200,0.02574,0.00870
7,6.1800,0.02466,0.00567
7,6.2400,0.02347,0.00278
7,6.3000,0.02218,0.00004
7,6.3600,0.02082,-0.00255
7,6.4200,0.01939,-0.00496
7,6.4800,0.01791,-0.00720
7,6.5400,0.01638,-0.00927
7,6.6000,0.01483,-0.01114
7,6.6600,0.01327,-0.01283
7,6.7200,0.01170,-0.01434
7,6.7800,0.01015,-0.01565
7,6.8400,0.00861,-0.01678
7,6.9000,0.00710,-0.01773
7,6.9600,0.00563,-0.01850
7,7.0200,0.00421,-0.01909
7,7.0800,0.00284,-0.01952
7,7.1400,0.00152,-0.01978
7,7.2000,0.00028,-0.01989
7,7.2600,-0.00090,-0.01986
7,7.3200,-0.00200,-0.01969
7,7.3800,-0.00302,-0.01939
7,7.4400,-0.00397,-0.01897
7,7.5000,-0.00483,-0.01845
7,7.5600,-0.00561,-0.01782
7,7.6200,-0.00630,-0.01711
7,7.6800,-0.00691,-0.01632
7,7.7400,-0.00743,-0.01546
7,7.8000,-0.00787,-0.01454
7,7.8600,-0.00824,-0.01357
7,7.9200,-0.00852,-0.01257
7,7.9800,-0.00873,-0.01153
7,8.0400,-0.00886,-0.01048
7,8.1000,-0.00893,-0.00941
7,8.1600,-0.00892,-0.00834
7,8.2200,-0.00886,-0.00727
7,8.2800,-0.00874,-0.00621
7,8.3400,-0.00856,-0.00518
7,8.4000,-0.00833,-0.00416
7,8.4600,-0.00806,-0.00318
7,8.5200,-0.00775,-0.00223
7,8.5800,-0.00740,-0.00131
7,8.6400,-0.00702,-0.00045
7,8.7000,-0.00662,0.00037
7,8.7600,-0.00619,0.00114
7,8.8200,-0.00574,0.00186
7,8.8800,-0.00528,0.00252
7,8.9400,-0.00481,0.00313
7,9.0000,-0.00433,0.00368
7,9.0600,-0.00385,0.00417
7,9.1200,-0.00337,0.00460
7,9.1800,-0.00289,0.00498
7,9.2400,-0.00242,0.00530
7,9.3000,-0.00196,0.00557
7,9.3600,-0.00152,0.00578
7,9.4200,-0.00109,0.00593
7,9.4800,-0.00068,0.00604
7,9.5400,-0.00028,0.00610
7,9.6000,0.00009,0.00611
7,9.6600,0.00044,0.00608
7,9.7200,0.00077,0.00601
7,9.7800,0.00107,0.00590
7,9.8400,0.00135,0.00575
7,9.9000,0.00160,0.00558
7,9.9600,0.00183,0.00537
7,10.0200,0.00203,0.00514
7,10.0800,0.00220,0.00489
7,10.1400,0.00235,0.00462
7,10.2000,0.00247,0.00433
7,10.2600,0.00257,0.00402
7,10.3200,0.00265,0.00371
7,10.3800,0.00270,0.00339
7,10.4400,0.00273,0.00306
7,10.5000,0.00274,0.00273
7,10.5600,0.00273,0.00240
7,10.6200,0.00271,0.00208
7,10.6800,0.00266,0.00176
7,10.7400,0.00260,0.00144
7,10.8000,0.00252,0.00113
7,10.8600,0.00243,0.00083
7,10.9200,0.00233,0.00055
7,10.9800,0.00222,0.00027
7,11.0400,0.00210,0.00002
7,11.1000,0.00197,-0.00023
7,11.1600,0.00184,-0.00046
7,11.2200,0.00170,-0.00067
7,11.2800,0.00155,-0.00087
7,11.3400,0.00141,-0.00104
7,11.4000,0.00126,-0.00120
7,11.4600,0.00111,-0.00135
7,11.5200,0.00096,-0.00147
7,11.5800,0.00082,-0.00158
7,11.6400,0.00068,-0.00167
7,11.7000,0.00054,-0.00174
7,11.7600,0.00040,-0.00180
7,11.8200,0.00027,-0.00184
7,11.8800,0.00015,-0.00187
7,11.9400,0.00003,-0.00188
7,12.0000,-0.00008,-0.00187
